review,sentiment
"One of the best films I have ever seen. The acting, direction, and storyline were masterclass.",positive
"An absolute masterpiece of cinema! The emotional depth and character development are incredible.",positive
"Brilliant performance by the lead cast. A wonderful experience from start to finish.",positive
"I loved this movie so much! Outstanding soundtrack and breathtaking cinematography.",positive
"A truly heartwarming and inspirational story. Definitely worth watching multiple times.",positive
"Fantastic screenplay and tight pacing. It kept me on the edge of my seat throughout.",positive
"A visually stunning and deeply moving piece of art. Highly recommended for everyone.",positive
"Superb direction and great chemistry between the actors. A real gem of a movie.",positive
"Incredible storytelling with witty humor and genuine emotions. Loved every single minute.",positive
"Remarkable performance and beautifully shot scenes. Easily one of the top movies of the year.",positive
"Exceeded all my expectations! Thrilling, emotional, and satisfying conclusion.",positive
"A timeless classic. Everything from the dialogues to the background score was perfect.",positive
"Outstanding cinematography and a truly compelling plot. A must-watch masterpiece.",positive
"Captivating from the first scene to the last. The plot twists were brilliantly executed.",positive
"An uplifting and powerful film that leaves a lasting impression on the viewer.",positive
"The cast delivered stellar performances and the pacing was wonderfully balanced.",positive
"A delightful, funny, and engaging experience for the whole family.",positive
"Spectacular visual effects paired with a gripping, intelligent storyline.",positive
"Pure cinema magic! The director created something truly special and unforgettable.",positive
"Heartfelt, sincere, and beautifully crafted. I cannot recommend this film enough.",positive
"Terrible movie. The plot was completely incoherent and the acting was wooden.",negative
"Waste of time and money. Nothing made sense and the dialogues were horribly written.",negative
"Boring, slow-paced, and extremely predictable. I struggled to stay awake.",negative
"One of the worst films I have ever watched. Horrendous directing and sloppy editing.",negative
"Completely disappointed. The characters were unlikable and the storyline went nowhere.",negative
"Awful script, terrible sound design, and ridiculously bad special effects.",negative
"A total mess from start to finish. Avoid this disastrous film at all costs.",negative
"Painfully boring and utterly devoid of any emotional impact or intelligence.",negative
"Cringe-worthy dialogues and flat performances by everyone involved.",negative
"A cheap, lazy, and completely uninspired production. Do not waste your time.",negative
"The story had potential but was ruined by terrible directing and awful acting.",negative
"Disjointed, annoying, and confusing storyline that felt like a complete chore to finish.",negative
"Overhyped and profoundly disappointing. Cliché-ridden and lacking any original ideas.",negative
"Horrible pacing and embarrassing dialogue delivery. Truly a regrettable watch.",negative
"Unbearably dull and repetitive. There was zero character development.",negative
"A disastrous flop with no redeemable qualities whatsoever.",negative
"Frustratingly stupid plot decisions and lackluster execution throughout.",negative
"Poorly directed, poorly acted, and utterly devoid of entertainment value.",negative
"I regret spending two hours on this garbage. Thoroughly disappointing.",negative
"A complete failure on all fronts: cinematography, acting, and narrative cohesion.",negative
